image (23).jpeg,Natzuki Tanaka
image (26).jpeg,Lyra
image (27).jpeg,Sarah
image (23).jpeg,Natzuki Tanaka
image (10).jpeg,Elza
image (12).jpeg,Natzuki Tanaka
image (13).jpeg,Natzuki Tanaka
image (15).jpeg,Natzuki Tanaka
image (16).jpeg,Lucy
image (18).jpeg,Sarah
image (19).jpeg,Sarah
image (20).jpeg,Sarah
image (22).jpeg,Natzuki Tanaka
image (23).jpeg,Natzuki Tanaka
image (25).jpeg,Lucy
image (26).jpeg,Lyra
image (27).jpeg,Sarah
image (28).jpeg,Lucy
image (30).jpeg,Elza
image (31).jpeg,Lyra
image (7).jpeg,Lyra
image (9).jpeg,Sarah
image.jpeg,Sarah
image (8).jpeg,Harumi Ishikawa
image (1).jpeg,Sarah
image (10).jpeg,Elza
image (12).jpeg,Natzuki Tanaka
image (13).jpeg,Natzuki Tanaka
image (14).jpeg,Harumi Ishikawa
image (15).jpeg,Natzuki Tanaka
image (16).jpeg,Lucy
image (17).jpeg,Tomo Mori
image (18).jpeg,Sarah
image (19).jpeg,Sarah
image (2).jpeg,Sarah
image (20).jpeg,Sarah
image (21).jpeg,Saki Ishikawa
image (22).jpeg,Natzuki Tanaka
image (23).jpeg,Natzuki Tanaka
image (24).jpeg,Yuriko Fujioka
image (25).jpeg,Lucy
image (26).jpeg,Lyra
image (27).jpeg,Sarah
image (28).jpeg,Lucy
image (29).jpeg,Valery
image (3).jpeg,Sarah
image (30).jpeg,Elza
image (31).jpeg,Lyra
image (4).jpeg,Sarah
image (5).jpeg,Suki Ishikawa
image (7).jpeg,Lyra
image (8).jpeg,Harumi Ishikawa
image (9).jpeg,Sarah
image.jpeg,Sarah
image (11).jpeg,Suki Ishikawa
image (6).jpeg,Suki Ishikawa
image (8).jpeg,Harumi Ishikawa
image (10).jpeg,Harumi Ishikawa
image (14).jpeg,Harumi Ishikawa
image (12).jpeg,Hana Kimura
image (13).jpeg,Hana Kimura
image (16).jpeg,Tomo Mori
image (17).jpeg,Tomo Mori
image (20).jpeg,Saki Ishikawa
image (21).jpeg,Saki Ishikawa
image (22).jpeg,Sumi Tanaka
image (23).jpeg,Natzuki Tanaka
image (15).jpeg,Sora Mori
image (24).jpeg,Yuriko Fujioka
image (25).jpeg,Yumiko Fujioka
image (26).jpeg,Lyra
image (31).jpeg,Nana
image (27).jpeg,Sarah
image (30).jpeg,Elza
image (29).jpeg,Valery
image (28).jpeg,Lucy
